{
  "experiment_info": {
    "timestamp": "2025-12-19 20:34:39",
    "device": "cuda",
    "total_duration_seconds": 33.8805615901947,
    "test_duration_seconds": 28.50104069709778,
    "dataset_size": 94,
    "action_classes": 25,
    "privacy_classes": 13,
    "feature_dim": 2048,
    "model_file": "D:\\BDQ_PrivacyAR-main\\BDQ_PrivacyAR-main\\action-recognition-pytorch-entropy\\checkpoints\\model_degrad.ckpt",
    "model_size_mb": 0.0013189315795898438,
    "unified_interface": true
  },
  "dataset_stats": {
    "total_samples": 94,
    "sample_analyzed": 94,
    "action_classes": 25,
    "privacy_classes": 13,
    "action_label_dist": {
      "11": 1,
      "12": 1,
      "13": 1,
      "14": 1,
      "15": 1,
      "16": 4,
      "17": 3,
      "18": 6,
      "19": 8,
      "20": 6,
      "21": 12,
      "22": 7,
      "23": 3,
      "24": 9,
      "25": 5,
      "27": 2,
      "28": 6,
      "29": 3,
      "30": 5,
      "31": 1,
      "34": 2,
      "37": 1,
      "38": 3,
      "40": 2,
      "41": 1
    },
    "privacy_label_dist": {
      "0": 12,
      "1": 5,
      "2": 8,
      "3": 8,
      "4": 8,
      "5": 8,
      "6": 4,
      "7": 8,
      "8": 8,
      "9": 3,
      "10": 13,
      "11": 5,
      "12": 4
    },
    "action_label_range": [
      11,
      41
    ],
    "privacy_label_range": [
      0,
      12
    ],
    "action_label_std": 6.377657356307176,
    "privacy_label_std": 3.749226568799483
  },
  "action_recognition": {
    "raw": {
      "accuracy": 1.0638297872340425,
      "loss": 3.2188758850097656,
      "class_accuracies": {
        "0": 100.0,
        "1": 0.0,
        "2": 0.0,
        "3": 0.0,
        "4": 0.0,
        "5": 0.0,
        "6": 0.0,
        "7": 0.0,
        "8": 0.0,
        "9": 0.0,
        "10": 0.0,
        "11": 0.0,
        "12": 0.0,
        "13": 0.0,
        "14": 0.0,
        "16": 0.0,
        "17": 0.0,
        "18": 0.0,
        "19": 0.0,
        "20": 0.0,
        "23": 0.0,
        "24": 0.0
      },
      "predictions": [
        0,
        0,
        0,
        0,
        0,
        0,
        0,
        0,
        0,
        0,
        0,
        0,
        0,
        0,
        0,
        0,
        0,
        0,
        0,
        0,
        0,
        0,
        0,
        0,
        0,
        0,
        0,
        0,
        0,
        0,
        0,
        0,
        0,
        0,
        0,
        0,
        0,
        0,
        0,
        0,
        0,
        0,
        0,
        0,
        0,
        0,
        0,
        0,
        0,
        0,
        0,
        0,
        0,
        0,
        0,
        0,
        0,
        0,
        0,
        0,
        0,
        0,
        0,
        0,
        0,
        0,
        0,
        0,
        0,
        0,
        0,
        0,
        0,
        0,
        0,
        0,
        0,
        0,
        0,
        0,
        0,
        0,
        0,
        0,
        0,
        0,
        0,
        0,
        0,
        0,
        0,
        0,
        0,
        0
      ],
      "labels": [
        13,
        17,
        11,
        7,
        3,
        13,
        7,
        10,
        13,
        24,
        16,
        24,
        7,
        11,
        7,
        16,
        13,
        14,
        5,
        18,
        6,
        24,
        18,
        8,
        8,
        13,
        6,
        17,
        17,
        17,
        10,
        11,
        13,
        7,
        10,
        2,
        10,
        11,
        10,
        23,
        13,
        14,
        9,
        8,
        5,
        14,
        12,
        24,
        12,
        1,
        13,
        9,
        6,
        24,
        11,
        18,
        24,
        19,
        10,
        5,
        10,
        11,
        8,
        9,
        23,
        10,
        9,
        13,
        17,
        9,
        14,
        4,
        19,
        10,
        7,
        24,
        8,
        20,
        10,
        10,
        14,
        19,
        8,
        11,
        12,
        0,
        5,
        19,
        19,
        9,
        10,
        8,
        8,
        17
      ]
    },
    "bdq": {
      "accuracy": 0.0,
      "loss": 3.223100354274114,
      "class_accuracies": {
        "0": 0.0,
        "1": 0.0,
        "2": 0.0,
        "3": 0.0,
        "4": 0.0,
        "5": 0.0,
        "6": 0.0,
        "7": 0.0,
        "8": 0.0,
        "9": 0.0,
        "10": 0.0,
        "11": 0.0,
        "12": 0.0,
        "13": 0.0,
        "14": 0.0,
        "16": 0.0,
        "17": 0.0,
        "18": 0.0,
        "19": 0.0,
        "20": 0.0,
        "23": 0.0,
        "24": 0.0
      },
      "predictions": [
        22,
        22,
        22,
        22,
        22,
        22,
        22,
        22,
        22,
        22,
        22,
        22,
        22,
        22,
        22,
        22,
        22,
        22,
        22,
        22,
        22,
        22,
        22,
        22,
        22,
        22,
        22,
        22,
        22,
        22,
        22,
        22,
        22,
        22,
        22,
        22,
        22,
        22,
        22,
        22,
        22,
        22,
        22,
        22,
        22,
        22,
        22,
        22,
        22,
        22,
        22,
        22,
        22,
        22,
        22,
        22,
        22,
        22,
        22,
        22,
        22,
        22,
        22,
        22,
        22,
        22,
        22,
        22,
        22,
        22,
        22,
        22,
        22,
        22,
        22,
        22,
        22,
        22,
        22,
        22,
        22,
        22,
        22,
        22,
        22,
        22,
        22,
        22,
        22,
        22,
        22,
        22,
        22,
        22
      ],
      "labels": [
        13,
        17,
        11,
        7,
        3,
        13,
        7,
        10,
        13,
        24,
        16,
        24,
        7,
        11,
        7,
        16,
        13,
        14,
        5,
        18,
        6,
        24,
        18,
        8,
        8,
        13,
        6,
        17,
        17,
        17,
        10,
        11,
        13,
        7,
        10,
        2,
        10,
        11,
        10,
        23,
        13,
        14,
        9,
        8,
        5,
        14,
        12,
        24,
        12,
        1,
        13,
        9,
        6,
        24,
        11,
        18,
        24,
        19,
        10,
        5,
        10,
        11,
        8,
        9,
        23,
        10,
        9,
        13,
        17,
        9,
        14,
        4,
        19,
        10,
        7,
        24,
        8,
        20,
        10,
        10,
        14,
        19,
        8,
        11,
        12,
        0,
        5,
        19,
        19,
        9,
        10,
        8,
        8,
        17
      ]
    }
  },
  "privacy_recognition": {
    "raw": {
      "accuracy": 12.76595744680851,
      "loss": 2.5649492740631104,
      "class_accuracies": {
        "0": 100.0,
        "1": 0.0,
        "2": 0.0,
        "3": 0.0,
        "4": 0.0,
        "5": 0.0,
        "6": 0.0,
        "7": 0.0,
        "8": 0.0,
        "9": 0.0,
        "10": 0.0,
        "11": 0.0,
        "12": 0.0
      },